"~start_node_id","~start_node_labels","~relationship_type","~end_node_id","~end_node_labels"
"4:ca41157e-8f22-41bf-ac92-693307fcc25d:19","","BELONGS_TO","4:ca41157e-8f22-41bf-ac92-693307fcc25d:20",""
"4:ca41157e-8f22-41bf-ac92-693307fcc25d:21","","BELONGS_TO","4:ca41157e-8f22-41bf-ac92-693307fcc25d:22",""
"4:ca41157e-8f22-41bf-ac92-693307fcc25d:23","","PART_OF","4:ca41157e-8f22-41bf-ac92-693307fcc25d:24",""
"4:ca41157e-8f22-41bf-ac92-693307fcc25d:25","","BELONGS_TO","4:ca41157e-8f22-41bf-ac92-693307fcc25d:26",""
"4:ca41157e-8f22-41bf-ac92-693307fcc25d:27","","BELONGS_TO","4:ca41157e-8f22-41bf-ac92-693307fcc25d:28",""
"4:ca41157e-8f22-41bf-ac92-693307fcc25d:29","","BELONGS_TO","4:ca41157e-8f22-41bf-ac92-693307fcc25d:30",""
"4:ca41157e-8f22-41bf-ac92-693307fcc25d:31","","PART_OF","4:ca41157e-8f22-41bf-ac92-693307fcc25d:32",""
"4:ca41157e-8f22-41bf-ac92-693307fcc25d:33","","PART_OF","4:ca41157e-8f22-41bf-ac92-693307fcc25d:34",""
"4:ca41157e-8f22-41bf-ac92-693307fcc25d:35","","PART_OF","4:ca41157e-8f22-41bf-ac92-693307fcc25d:36",""
"4:ca41157e-8f22-41bf-ac92-693307fcc25d:37","","BELONGS_TO","4:ca41157e-8f22-41bf-ac92-693307fcc25d:38",""
"4:ca41157e-8f22-41bf-ac92-693307fcc25d:39","","CONTROLS","4:ca41157e-8f22-41bf-ac92-693307fcc25d:40",""
"4:ca41157e-8f22-41bf-ac92-693307fcc25d:41","","CONTROLS","4:ca41157e-8f22-41bf-ac92-693307fcc25d:42",""
"4:ca41157e-8f22-41bf-ac92-693307fcc25d:43","","AT_WAR_WITH","4:ca41157e-8f22-41bf-ac92-693307fcc25d:44",""
"4:ca41157e-8f22-41bf-ac92-693307fcc25d:45","","LIVES_ON","4:ca41157e-8f22-41bf-ac92-693307fcc25d:46",""
"4:ca41157e-8f22-41bf-ac92-693307fcc25d:47","","LIVES_ON","4:ca41157e-8f22-41bf-ac92-693307fcc25d:48",""
"4:ca41157e-8f22-41bf-ac92-693307fcc25d:49","","LIVES_ON","4:ca41157e-8f22-41bf-ac92-693307fcc25d:50",""
"4:ca41157e-8f22-41bf-ac92-693307fcc25d:51","","LIVES_ON","4:ca41157e-8f22-41bf-ac92-693307fcc25d:52",""
"4:ca41157e-8f22-41bf-ac92-693307fcc25d:53","","CONSUMES","4:ca41157e-8f22-41bf-ac92-693307fcc25d:54",""
"4:ca41157e-8f22-41bf-ac92-693307fcc25d:55","","CONSUMES","4:ca41157e-8f22-41bf-ac92-693307fcc25d:56",""
"4:ca41157e-8f22-41bf-ac92-693307fcc25d:57","","FOUND_ON","4:ca41157e-8f22-41bf-ac92-693307fcc25d:58",""
"4:ca41157e-8f22-41bf-ac92-693307fcc25d:59","","HAS_ABILITY","4:ca41157e-8f22-41bf-ac92-693307fcc25d:60",""
"4:ca41157e-8f22-41bf-ac92-693307fcc25d:61","","HAS_ABILITY","4:ca41157e-8f22-41bf-ac92-693307fcc25d:62",""
"4:ca41157e-8f22-41bf-ac92-693307fcc25d:63","","FOLLOWS_PROPHECY","4:ca41157e-8f22-41bf-ac92-693307fcc25d:64",""
"4:ca41157e-8f22-41bf-ac92-693307fcc25d:65","","FOLLOWS_PROPHECY","4:ca41157e-8f22-41bf-ac92-693307fcc25d:66",""
"4:ca41157e-8f22-41bf-ac92-693307fcc25d:67","","ENEMY_OF","4:ca41157e-8f22-41bf-ac92-693307fcc25d:68",""
"4:ca41157e-8f22-41bf-ac92-693307fcc25d:69","","ENEMY_OF","4:ca41157e-8f22-41bf-ac92-693307fcc25d:70",""
"4:ca41157e-8f22-41bf-ac92-693307fcc25d:71","","ENEMY_OF","4:ca41157e-8f22-41bf-ac92-693307fcc25d:72",""